TrackTitle,TrackDescription,FileName,Keywords,MediaCode,TrackTime,TrackCD,TrackTrack,TrackIndex,
,,,,,,,0,0,
,,,,,,,0,0,
AfricanAmbienceBir BT020101,African Ambience - Birds Insects Etc.,AfricanAmbienceBir BT020101.wav,Animals-Jungle BGs Backgrounds,BT-02 Nature,0:02:04,BT-02,1,1,
AfricanAmbienceBir BT020101,African Ambience - Birds Insects Etc.,AfricanAmbienceBir BT020101.wav,Animals-Jungle BGs Backgrounds,BT-02 Nature,0:02:04,BT-02,1,1,
AfricanAmbienceBir BT020201,African Ambience - Birds Insects Crickets Frogs,AfricanAmbienceBir BT020201.wav,Animals-Jungle BGs Backgrounds,BT-02 Nature,0:02:03,BT-02,2,1,
AfricanAmbienceBir BT020201,African Ambience - Birds Insects Crickets Frogs,AfricanAmbienceBir BT020201.wav,Animals-Jungle BGs Backgrounds,BT-02 Nature,0:02:03,BT-02,2,1,
AfricanAmbienceBir BT020301,African Ambience - Birds Insects Crickets More Frogs,AfricanAmbienceBir BT020301.wav,Animals-Jungle BGs Backgrounds,BT-02 Nature,0:02:03,BT-02,3,1,
AfricanAmbienceBir BT020301,African Ambience - Birds Insects Crickets More Frogs,AfricanAmbienceBir BT020301.wav,Animals-Jungle BGs Backgrounds,BT-02 Nature,0:02:03,BT-02,3,1,
AirplaneInterior BT030101,Airplane Interior - Steady Inflight No Passengers,AirplaneInterior BT030101.wav,Aircraft-Jet Passenger Interior,BT-03 Transportation,0:03:03,BT-03,1,1,
AirplaneInterior BT030101,Airplane Interior - Steady Inflight No Passengers,AirplaneInterior BT030101.wav,Aircraft-Jet Passenger Interior,BT-03 Transportation,0:03:03,BT-03,1,1,
AirplaneInterior BT030201,Airplane Interior - Steady Inflight Passengers,AirplaneInterior BT030201.wav,Aircraft-Jet Passenger Interior,BT-03 Transportation,0:03:03,BT-03,2,1,
AirplaneInterior BT030201,Airplane Interior - Steady Inflight Passengers,AirplaneInterior BT030201.wav,Aircraft-Jet Passenger Interior,BT-03 Transportation,0:03:03,BT-03,2,1,
AirportAmbienceTer BT030301,Airport Ambience - Busy Terminal,AirportAmbienceTer BT030301.wav,Airports & Stations INT Airport,BT-03 Transportation,0:03:03,BT-03,3,1,
AirportAmbienceTer BT030301,Airport Ambience - Busy Terminal,AirportAmbienceTer BT030301.wav,Airports & Stations INT Airport,BT-03 Transportation,0:03:03,BT-03,3,1,
AirportAmbJets BT030501,Airport Ambience - Various Jets Taking Off,AirportAmbJets BT030501.wav,Aircraft-Jet Passenger Take Off,BT-03 Transportation,0:02:34,BT-03,5,1,
AirportAmbJets BT030501,Airport Ambience - Various Jets Taking Off,AirportAmbJets BT030501.wav,Aircraft-Jet Passenger Take Off,BT-03 Transportation,0:02:34,BT-03,5,1,
AirportAmbLoading BT030401,Airport Ambience -loading / Unloading Area Busy,AirportAmbLoading BT030401.wav,Airports & Stations Loading,BT-03 Transportation,0:02:33,BT-03,4,1,
AirportAmbLoading BT030401,Airport Ambience -loading / Unloading Area Busy,AirportAmbLoading BT030401.wav,Airports & Stations Loading,BT-03 Transportation,0:02:33,BT-03,4,1,
BathtubClassicDrai BT050101,Bathtub - Classic Draining Good Rush Of Water,BathtubClassicDrai BT050101.wav,Water-Splashes & Sprays Bathtub Hot Tub,BT-05 Water,0:00:39,BT-05,1,1,
BathtubClassicDrai BT050101,Bathtub - Classic Draining Good Rush Of Water,BathtubClassicDrai BT050101.wav,Water-Splashes & Sprays Bathtub Hot Tub,BT-05 Water,0:00:39,BT-05,1,1,
BathtubRunningStea BT050201,Bathtub - Running Steady Water,BathtubRunningStea BT050201.wav,Water-Splashes & Sprays Bathtub Hot Tub,BT-05 Water,0:01:04,BT-05,2,1,
BathtubRunningStea BT050201,Bathtub - Running Steady Water,BathtubRunningStea BT050201.wav,Water-Splashes & Sprays Bathtub Hot Tub,BT-05 Water,0:01:04,BT-05,2,1,
BeachAmbienceBoard BT040101,Beach Ambience - Boardwalk Walla,BeachAmbienceBoard BT040101.wav,Crowd-EXT Various Beach,BT-04 Urban/Suburban,0:01:34,BT-04,1,1,
BeachAmbienceBoard BT040101,Beach Ambience - Boardwalk Walla,BeachAmbienceBoard BT040101.wav,Crowd-EXT Various Beach,BT-04 Urban/Suburban,0:01:34,BT-04,1,1,
BeachAmbiencePeopl BT040201,Beach Ambience - People Playing Paddleball,BeachAmbiencePeopl BT040201.wav,Crowd-EXT Various Sports-Paddleball,BT-04 Urban/Suburban,0:01:33,BT-04,2,1,
BeachAmbiencePeopl BT040201,Beach Ambience - People Playing Paddleball,BeachAmbiencePeopl BT040201.wav,Crowd-EXT Various Sports-Paddleball,BT-04 Urban/Suburban,0:01:33,BT-04,2,1,
BusExteriorInBy BT030601,Bus Exterior - Fast / In And By,BusExteriorInBy BT030601.wav,Vehicle-Bus Bys,BT-03 Transportation,0:00:43,BT-03,6,1,
BusExteriorInBy BT030601,Bus Exterior - Fast / In And By,BusExteriorInBy BT030601.wav,Vehicle-Bus Bys,BT-03 Transportation,0:00:43,BT-03,6,1,
BusExtIntIdle BT030701,Bus Exterior / Interior - Idle,BusExtIntIdle BT030701.wav,Vehicle-Bus Bus,BT-03 Transportation,0:03:03,BT-03,7,1,
BusExtIntIdle BT030701,Bus Exterior / Interior - Idle,BusExtIntIdle BT030701.wav,Vehicle-Bus Bus,BT-03 Transportation,0:03:03,BT-03,7,1,
BusIntIdleAccel BT030801,Bus Interior - From Idle To 50-60 Mph With Shifts,BusIntIdleAccel BT030801.wav,Crowd-INT Various Bus Station,BT-03 Transportation,0:02:03,BT-03,8,1,
BusIntIdleAccel BT030801,Bus Interior - From Idle To 50-60 Mph With Shifts,BusIntIdleAccel BT030801.wav,Crowd-INT Various Bus Station,BT-03 Transportation,0:02:03,BT-03,8,1,
BusStationWallaMur BT030901,Bus Station - Walla / Murmur Not Too Busy,BusStationWallaMur BT030901.wav,Airports & Stations Walla Bus Station,BT-03 Transportation,0:01:58,BT-03,9,1,
BusStationWallaMur BT030901,Bus Station - Walla / Murmur Not Too Busy,BusStationWallaMur BT030901.wav,Airports & Stations Walla Bus Station,BT-03 Transportation,0:01:58,BT-03,9,1,
BusStationWallaTrf BT031001,Bus Station - Walla With Traffic Bus Etc.,BusStationWallaTrf BT031001.wav,Airports & Stations Bus Station,BT-03 Transportation,0:02:03,BT-03,10,1,
BusStationWallaTrf BT031001,Bus Station - Walla With Traffic Bus Etc.,BusStationWallaTrf BT031001.wav,Airports & Stations Bus Station,BT-03 Transportation,0:02:03,BT-03,10,1,
CarExteriorFastBy BT031101,Car Exterior - Fast & Dry / By And Away,CarExteriorFastBy BT031101.wav,Vehicle-Bys Bys,BT-03 Transportation,0:00:17,BT-03,11,1,
CarExteriorFastBy BT031101,Car Exterior - Fast & Dry / By And Away,CarExteriorFastBy BT031101.wav,Vehicle-Bys Bys,BT-03 Transportation,0:00:17,BT-03,11,1,
CarExteriorFastBy BT031201,Car Exterior - Fast & Dry / By And Away - Uphill,CarExteriorFastBy BT031201.wav,Traffic Wet Traffic,BT-03 Transportation,0:00:20,BT-03,12,1,
CarExteriorFastBy BT031201,Car Exterior - Fast & Dry / By And Away - Uphill,CarExteriorFastBy BT031201.wav,Traffic Wet Traffic,BT-03 Transportation,0:00:20,BT-03,12,1,
CarExteriorMedBy BT031401,Car Exterior - Medium & Dry / By And Away,CarExteriorMedBy BT031401.wav,Vehicle-Bys Bys,BT-03 Transportation,0:00:21,BT-03,14,1,
CarExteriorMedBy BT031401,Car Exterior - Medium & Dry / By And Away,CarExteriorMedBy BT031401.wav,Vehicle-Bys Bys,BT-03 Transportation,0:00:21,BT-03,14,1,
CarExteriorMedBy BT031501,Car Exterior - Medium & Dry / By And Away,CarExteriorMedBy BT031501.wav,Vehicle-Bys Bys,BT-03 Transportation,0:00:17,BT-03,15,1,
CarExteriorMedBy BT031501,Car Exterior - Medium & Dry / By And Away,CarExteriorMedBy BT031501.wav,Vehicle-Bys Bys,BT-03 Transportation,0:00:17,BT-03,15,1,
CarExteriorSlowBy BT031801,Car Exterior - Slow & Dry / By And Away,CarExteriorSlowBy BT031801.wav,Vehicle-Bys Bys,BT-03 Transportation,0:00:10,BT-03,18,1,
CarExteriorSlowBy BT031801,Car Exterior - Slow & Dry / By And Away,CarExteriorSlowBy BT031801.wav,Vehicle-Bys Bys,BT-03 Transportation,0:00:10,BT-03,18,1,
CarExteriorSlowBy BT031901,Car Exterior - Slow & Dry / By And Away On Gravel,CarExteriorSlowBy BT031901.wav,Vehicle-Bys Bys,BT-03 Transportation,0:00:18,BT-03,19,1,
CarExteriorSlowBy BT031901,Car Exterior - Slow & Dry / By And Away On Gravel,CarExteriorSlowBy BT031901.wav,Vehicle-Bys Bys,BT-03 Transportation,0:00:18,BT-03,19,1,
CarExteriorSlowBy BT032001,Car Exterior - Slow & Dry / By And Away On Asphalt,CarExteriorSlowBy BT032001.wav,Vehicle-Bys Bys,BT-03 Transportation,0:00:13,BT-03,20,1,
CarExteriorSlowBy BT032001,Car Exterior - Slow & Dry / By And Away On Asphalt,CarExteriorSlowBy BT032001.wav,Vehicle-Bys Bys,BT-03 Transportation,0:00:13,BT-03,20,1,
CarExteriorWetBy BT031301,Car Exterior - Fast & Wet / By And Away,CarExteriorWetBy BT031301.wav,Vehicle-Bys Bys,BT-03 Transportation,0:00:18,BT-03,13,1,
CarExteriorWetBy BT031301,Car Exterior - Fast & Wet / By And Away,CarExteriorWetBy BT031301.wav,Vehicle-Bys Bys,BT-03 Transportation,0:00:18,BT-03,13,1,
CarExteriorWetBy BT031601,Car Exterior - Medium & Wet - By And Away,CarExteriorWetBy BT031601.wav,Traffic Wet Traffic,BT-03 Transportation,0:00:30,BT-03,16,1,
CarExteriorWetBy BT031601,Car Exterior - Medium & Wet - By And Away,CarExteriorWetBy BT031601.wav,Traffic Wet Traffic,BT-03 Transportation,0:00:30,BT-03,16,1,
CarExteriorWetBys BT031701,Car Exterior - Medium & Wet - Double Bys And Aways,CarExteriorWetBys BT031701.wav,Traffic Wet Traffic,BT-03 Transportation,0:00:24,BT-03,17,1,
CarExteriorWetBys BT031701,Car Exterior - Medium & Wet - Double Bys And Aways,CarExteriorWetBys BT031701.wav,Traffic Wet Traffic,BT-03 Transportation,0:00:24,BT-03,17,1,
CarExtSlowWetBy BT032101,Car Exterior - Slow & Wet / By And Away,CarExtSlowWetBy BT032101.wav,Traffic Wet Traffic,BT-03 Transportation,0:00:48,BT-03,21,1,
CarExtSlowWetBy BT032101,Car Exterior - Slow & Wet / By And Away,CarExtSlowWetBy BT032101.wav,Traffic Wet Traffic,BT-03 Transportation,0:00:48,BT-03,21,1,
CarInteriorAccel BT032201,Car Interior - Accelerate Squealing Tires Maneuvers,CarInteriorAccel BT032201.wav,Vehicle-Skids & Tires Accel,BT-03 Transportation,0:00:33,BT-03,22,1,
CarInteriorAccel BT032201,Car Interior - Accelerate Squealing Tires Maneuvers,CarInteriorAccel BT032201.wav,Vehicle-Skids & Tires Accel,BT-03 Transportation,0:00:33,BT-03,22,1,
CarInteriorStartUp BT032301,Car Interior - Start Up Release Brake Steady Speed,CarInteriorStartUp BT032301.wav,Vehicle-Various Start/Away,BT-03 Transportation,0:02:01,BT-03,23,1,
CarInteriorStartUp BT032301,Car Interior - Start Up Release Brake Steady Speed,CarInteriorStartUp BT032301.wav,Vehicle-Various Start/Away,BT-03 Transportation,0:02:01,BT-03,23,1,
CarInteriorSteady BT032401,Car Interior - Steady Speed,CarInteriorSteady BT032401.wav,Vehicle-Auto Partial|Autos|Generic Steadies|OB,BT-03 Transportation,0:01:33,BT-03,24,1,
CarInteriorSteady BT032401,Car Interior - Steady Speed,CarInteriorSteady BT032401.wav,Vehicle-Auto Partial|Autos|Generic Steadies|OB,BT-03 Transportation,0:01:33,BT-03,24,1,
CarInteriorSteady BT032501,Car Interior - Steady Speed With Some Bumps,CarInteriorSteady BT032501.wav,Vehicle-Auto Partial|Autos|Generic Steadies|OB,BT-03 Transportation,0:01:34,BT-03,25,1,
CarInteriorSteady BT032501,Car Interior - Steady Speed With Some Bumps,CarInteriorSteady BT032501.wav,Vehicle-Auto Partial|Autos|Generic Steadies|OB,BT-03 Transportation,0:01:34,BT-03,25,1,
CarInteriorSteadyM BT032601,Car Interior - Steady Medium Speed,CarInteriorSteadyM BT032601.wav,Vehicle-Auto Partial|Autos|Generic Steadies|OB,BT-03 Transportation,0:00:18,BT-03,26,1,
CarInteriorSteadyM BT032601,Car Interior - Steady Medium Speed,CarInteriorSteadyM BT032601.wav,Vehicle-Auto Partial|Autos|Generic Steadies|OB,BT-03 Transportation,0:00:18,BT-03,26,1,
CarInteriorV8Start BT032701,Car Interior - V8 Start Idle Revs Tire Squeal Speed Up,CarInteriorV8Start BT032701.wav,Vehicle-Auto Partial|Autos|Generic Steadies|OB,BT-03 Transportation,0:00:58,BT-03,27,1,
CarInteriorV8Start BT032701,Car Interior - V8 Start Idle Revs Tire Squeal Speed Up,CarInteriorV8Start BT032701.wav,Vehicle-Auto Partial|Autos|Generic Steadies|OB,BT-03 Transportation,0:00:58,BT-03,27,1,
CarInteriorV8ThruG BT032801,Car Interior - V8 Thru Gears High Speed Steady,CarInteriorV8ThruG BT032801.wav,Vehicle-Bys Bys,BT-03 Transportation,0:01:28,BT-03,28,1,
CarInteriorV8ThruG BT032801,Car Interior - V8 Thru Gears High Speed Steady,CarInteriorV8ThruG BT032801.wav,Vehicle-Bys Bys,BT-03 Transportation,0:01:28,BT-03,28,1,
ComputerRoom BT010101,Computer Room,ComputerRoom BT010101.wav,Rooms & Tones Computer,BT-01 Interiors,0:01:53,BT-01,1,1,
ComputerRoom BT010101,Computer Room,ComputerRoom BT010101.wav,Rooms & Tones Computer,BT-01 Interiors,0:01:53,BT-01,1,1,
ComputerRoomFansHu BT010201,Computer Room With Fans And Hum,ComputerRoomFansHu BT010201.wav,Rooms & Tones Computer,BT-01 Interiors,0:01:34,BT-01,2,1,
ComputerRoomFansHu BT010201,Computer Room With Fans And Hum,ComputerRoomFansHu BT010201.wav,Rooms & Tones Computer,BT-01 Interiors,0:01:34,BT-01,2,1,
ControlCenterBusy BT010301,Control Center - Busy Phones Computers Printers,ControlCenterBusy BT010301.wav,Office Hallway,BT-01 Interiors,0:01:23,BT-01,3,1,
ControlCenterBusy BT010301,Control Center - Busy Phones Computers Printers,ControlCenterBusy BT010301.wav,Office Hallway,BT-01 Interiors,0:01:23,BT-01,3,1,
CreekStreamCloseup BT050301,Creek / Stream - Close-up,CreekStreamCloseup BT050301.wav,Water-Nature Streams,BT-05 Water,0:02:03,BT-05,3,1,
CreekStreamCloseup BT050301,Creek / Stream - Close-up,CreekStreamCloseup BT050301.wav,Water-Nature Streams,BT-05 Water,0:02:03,BT-05,3,1,
CreekStreamMediumD BT050401,Creek / Stream - Medium Distance,CreekStreamMediumD BT050401.wav,Water-Nature Streams,BT-05 Water,0:02:03,BT-05,4,1,
CreekStreamMediumD BT050401,Creek / Stream - Medium Distance,CreekStreamMediumD BT050401.wav,Water-Nature Streams,BT-05 Water,0:02:03,BT-05,4,1,
CreekStreamMediumD BT050501,Creek / Stream - Medium Distance,CreekStreamMediumD BT050501.wav,Water-Nature Streams,BT-05 Water,0:02:03,BT-05,5,1,
CreekStreamMediumD BT050501,Creek / Stream - Medium Distance,CreekStreamMediumD BT050501.wav,Water-Nature Streams,BT-05 Water,0:02:03,BT-05,5,1,
CreekStreamMediumD BT050601,Creek / Stream - Medium Distance,CreekStreamMediumD BT050601.wav,Water-Drips Cave,BT-05 Water,0:02:03,BT-05,6,1,
CreekStreamMediumD BT050601,Creek / Stream - Medium Distance,CreekStreamMediumD BT050601.wav,Water-Drips Cave,BT-05 Water,0:02:03,BT-05,6,1,
Crickets1 BT020401,Crickets 1,Crickets1 BT020401.wav,Animals-Jungle BGs Backgrounds,BT-02 Nature,0:01:43,BT-02,4,1,
Crickets1 BT020401,Crickets 1,Crickets1 BT020401.wav,Animals-Jungle BGs Backgrounds,BT-02 Nature,0:01:43,BT-02,4,1,
Crickets2 BT020501,Crickets 2,Crickets2 BT020501.wav,Animals-Jungle BGs Backgrounds,BT-02 Nature,0:02:03,BT-02,5,1,
Crickets2 BT020501,Crickets 2,Crickets2 BT020501.wav,Animals-Jungle BGs Backgrounds,BT-02 Nature,0:02:03,BT-02,5,1,
DamInteriorTubines BT010401,Dam Interior - Large Turbines,DamInteriorTubines BT010401.wav,Rooms & Tones Dam,BT-01 Interiors,0:01:33,BT-01,4,1,
DamInteriorTubines BT010401,Dam Interior - Large Turbines,DamInteriorTubines BT010401.wav,Rooms & Tones Dam,BT-01 Interiors,0:01:33,BT-01,4,1,
DepartmentStoreBG BT010601,Department Store - Many Phones Bells Etc. / Busy,DepartmentStoreBG BT010601.wav,Rooms & Tones Department Store,BT-01 Interiors,0:02:03,BT-01,6,1,
DepartmentStoreBG BT010601,Department Store - Many Phones Bells Etc. / Busy,DepartmentStoreBG BT010601.wav,Rooms & Tones Department Store,BT-01 Interiors,0:02:03,BT-01,6,1,
DepartmentStoreDis BT010501,Department Store - Distant Music Female Walla,DepartmentStoreDis BT010501.wav,Rooms & Tones Department Store,BT-01 Interiors,0:02:03,BT-01,5,1,
DepartmentStoreDis BT010501,Department Store - Distant Music Female Walla,DepartmentStoreDis BT010501.wav,Rooms & Tones Department Store,BT-01 Interiors,0:02:03,BT-01,5,1,
DesertDayWindCrick BT020701,Desert Day - Wind Crickets Birds,DesertDayWindCrick BT020701.wav,Animals-Insects BGs Desert,BT-02 Nature,0:02:03,BT-02,7,1,
DesertDayWindCrick BT020701,Desert Day - Wind Crickets Birds,DesertDayWindCrick BT020701.wav,Animals-Insects BGs Desert,BT-02 Nature,0:02:03,BT-02,7,1,
DesertFliesDistant BT020601,Desert - Flies Distant Birds Etc.,DesertFliesDistant BT020601.wav,Animals-Insects BGs Desert,BT-02 Nature,0:02:04,BT-02,6,1,
DesertFliesDistant BT020601,Desert - Flies Distant Birds Etc.,DesertFliesDistant BT020601.wav,Animals-Insects BGs Desert,BT-02 Nature,0:02:04,BT-02,6,1,
DishwasherSteady BT010701,Dishwasher - Steady / Drone In Kitchen,DishwasherSteady BT010701.wav,Household Appliances,BT-01 Interiors,0:01:03,BT-01,7,1,
DishwasherSteady BT010701,Dishwasher - Steady / Drone In Kitchen,DishwasherSteady BT010701.wav,Household Appliances,BT-01 Interiors,0:01:03,BT-01,7,1,
DispatchRoomRadio BT010801,Dispatch Room - Radio Chatter & Static,DispatchRoomRadio BT010801.wav,Rooms & Tones Dispatch,BT-01 Interiors,0:01:03,BT-01,8,1,
DispatchRoomRadio BT010801,Dispatch Room - Radio Chatter & Static,DispatchRoomRadio BT010801.wav,Rooms & Tones Dispatch,BT-01 Interiors,0:01:03,BT-01,8,1,
DripsEchoeyCaveIrr BT050701,Drips - Echoey In Cave Irregular,DripsEchoeyCaveIrr BT050701.wav,Caves & Tunnels Drips,BT-05 Water,0:02:04,BT-05,7,1,
DripsEchoeyCaveIrr BT050701,Drips - Echoey In Cave Irregular,DripsEchoeyCaveIrr BT050701.wav,Caves & Tunnels Drips,BT-05 Water,0:02:04,BT-05,7,1,
DripsIndustrialBac BT050801,Drips - Industrial Background With Light Hum / Distant,DripsIndustrialBac BT050801.wav,Water-Drips Drips,BT-05 Water,0:02:03,BT-05,8,1,
DripsIndustrialBac BT050801,Drips - Industrial Background With Light Hum / Distant,DripsIndustrialBac BT050801.wav,Water-Drips Drips,BT-05 Water,0:02:03,BT-05,8,1,
DripsSinkOrTub BT050901,Drips - Into Sink Or Tub,DripsSinkOrTub BT050901.wav,Water-Splashes & Sprays Fountain,BT-05 Water,0:02:04,BT-05,9,1,
DripsSinkOrTub BT050901,Drips - Into Sink Or Tub,DripsSinkOrTub BT050901.wav,Water-Splashes & Sprays Fountain,BT-05 Water,0:02:04,BT-05,9,1,
ElevatorModernUpDo BT032901,Elevator - Modern Up & Down Movement,ElevatorModernUpDo BT032901.wav,Doors-Various Elevator,BT-03 Transportation,0:00:41,BT-03,29,1,
ElevatorModernUpDo BT032901,Elevator - Modern Up & Down Movement,ElevatorModernUpDo BT032901.wav,Doors-Various Elevator,BT-03 Transportation,0:00:41,BT-03,29,1,
ElevatorModernUpDo BT033001,Elevator - Modern More Low End Up & Down Movement,ElevatorModernUpDo BT033001.wav,Doors-Various Elevator,BT-03 Transportation,0:00:37,BT-03,30,1,
ElevatorModernUpDo BT033001,Elevator - Modern More Low End Up & Down Movement,ElevatorModernUpDo BT033001.wav,Doors-Various Elevator,BT-03 Transportation,0:00:37,BT-03,30,1,
ElevatorOlderStyle BT033101,Elevator - Older Style Clanky & Squeaky,ElevatorOlderStyle BT033101.wav,Doors-Various Elevator,BT-03 Transportation,0:01:19,BT-03,31,1,
ElevatorOlderStyle BT033101,Elevator - Older Style Clanky & Squeaky,ElevatorOlderStyle BT033101.wav,Doors-Various Elevator,BT-03 Transportation,0:01:19,BT-03,31,1,
EngineRmGenerator BT010901,Engine Room - Hoover Generator,EngineRmGenerator BT010901.wav,Rooms & Tones Engine Room,BT-01 Interiors,0:01:33,BT-01,9,1,
EngineRmGenerator BT010901,Engine Room - Hoover Generator,EngineRmGenerator BT010901.wav,Rooms & Tones Engine Room,BT-01 Interiors,0:01:33,BT-01,9,1,
FactoryBigBusy BT011001,Factory - Big & Busy,FactoryBigBusy BT011001.wav,Construction & Factory BGs Factory,BT-01 Interiors,0:01:34,BT-01,10,1,
FactoryBigBusy BT011001,Factory - Big & Busy,FactoryBigBusy BT011001.wav,Construction & Factory BGs Factory,BT-01 Interiors,0:01:34,BT-01,10,1,
FactoryLargeBusyAi BT011101,Factory - Large & Busy With Air wrench,FactoryLargeBusyAi BT011101.wav,Construction & Factory BGs Factory,BT-01 Interiors,0:01:33,BT-01,11,1,
FactoryLargeBusyAi BT011101,Factory - Large & Busy With Air wrench,FactoryLargeBusyAi BT011101.wav,Construction & Factory BGs Factory,BT-01 Interiors,0:01:33,BT-01,11,1,
FieldMeadowLightBr BT020801,Field / Meadow - Light Breeze Birds,FieldMeadowLightBr BT020801.wav,Animals-Bird BGs Meadow,BT-02 Nature,0:02:04,BT-02,8,1,
FieldMeadowLightBr BT020801,Field / Meadow - Light Breeze Birds,FieldMeadowLightBr BT020801.wav,Animals-Bird BGs Meadow,BT-02 Nature,0:02:04,BT-02,8,1,
ForestBirdsMedium BT020901,Forest Birds - Medium Density,ForestBirdsMedium BT020901.wav,Animals-Bird BGs Forest,BT-02 Nature,0:02:03,BT-02,9,1,
ForestBirdsMedium BT020901,Forest Birds - Medium Density,ForestBirdsMedium BT020901.wav,Animals-Bird BGs Forest,BT-02 Nature,0:02:03,BT-02,9,1,
ForestMountainEcho BT021001,Forest Mountain - Wide & Echoey With Birds,ForestMountainEcho BT021001.wav,Animals-Bird BGs Forest,BT-02 Nature,0:02:03,BT-02,10,1,
ForestMountainEcho BT021001,Forest Mountain - Wide & Echoey With Birds,ForestMountainEcho BT021001.wav,Animals-Bird BGs Forest,BT-02 Nature,0:02:03,BT-02,10,1,
FountainCloseup BT051001,Fountain - Close-up,FountainCloseup BT051001.wav,Water-Splashes & Sprays Fountains,BT-05 Water,0:01:23,BT-05,10,1,
FountainCloseup BT051001,Fountain - Close-up,FountainCloseup BT051001.wav,Water-Splashes & Sprays Fountains,BT-05 Water,0:01:23,BT-05,10,1,
FountainCloseupToM BT051101,Fountain - Close-up To Medium Distance,FountainCloseupToM BT051101.wav,Water-Splashes & Sprays Fountains,BT-05 Water,0:01:24,BT-05,11,1,
FountainCloseupToM BT051101,Fountain - Close-up To Medium Distance,FountainCloseupToM BT051101.wav,Water-Splashes & Sprays Fountains,BT-05 Water,0:01:24,BT-05,11,1,
GymBathroomAmbienc BT011201,Gym Bathroom Ambience,GymBathroomAmbienc BT011201.wav,Gyms & Locker Rooms Gym Bathroom,BT-01 Interiors,0:01:34,BT-01,12,1,
GymBathroomAmbienc BT011201,Gym Bathroom Ambience,GymBathroomAmbienc BT011201.wav,Gyms & Locker Rooms Gym Bathroom,BT-01 Interiors,0:01:34,BT-01,12,1,
HallSchoolBtwnCls BT011601,Hallway - School Between Classes,HallSchoolBtwnCls BT011601.wav,Office Hallway,BT-01 Interiors,0:02:03,BT-01,16,1,
HallSchoolBtwnCls BT011601,Hallway - School Between Classes,HallSchoolBtwnCls BT011601.wav,Office Hallway,BT-01 Interiors,0:02:03,BT-01,16,1,
HallwayDistantVoic BT011301,Hallway - Distant Voices & Phones / Quiet Lobby,HallwayDistantVoic BT011301.wav,Office Hallway,BT-01 Interiors,0:02:03,BT-01,13,1,
HallwayDistantVoic BT011301,Hallway - Distant Voices & Phones / Quiet Lobby,HallwayDistantVoic BT011301.wav,Office Hallway,BT-01 Interiors,0:02:03,BT-01,13,1,
HallwayLargeEchoey BT011501,Hallway - Large And Echoey,HallwayLargeEchoey BT011501.wav,Office Hallway,BT-01 Interiors,0:02:04,BT-01,15,1,
HallwayLargeEchoey BT011501,Hallway - Large And Echoey,HallwayLargeEchoey BT011501.wav,Office Hallway,BT-01 Interiors,0:02:04,BT-01,15,1,
HallwayLgBusyOffic BT011401,Hallway - Large And Busy Office,HallwayLgBusyOffic BT011401.wav,Office Hallway,BT-01 Interiors,0:02:03,BT-01,14,1,
HallwayLgBusyOffic BT011401,Hallway - Large And Busy Office,HallwayLgBusyOffic BT011401.wav,Office Hallway,BT-01 Interiors,0:02:03,BT-01,14,1,
HotTubHighSpeedJet BT051201,Hot Tub - High Speed Jets With Bubbles,HotTubHighSpeedJet BT051201.wav,Household Water|Bathtub Hot Tub,BT-05 Water,0:02:03,BT-05,12,1,
HotTubHighSpeedJet BT051201,Hot Tub - High Speed Jets With Bubbles,HotTubHighSpeedJet BT051201.wav,Household Water|Bathtub Hot Tub,BT-05 Water,0:02:03,BT-05,12,1,
IndustrialMachine BT011701,Industrial Machinery - Sewage Reclamation Plant,IndustrialMachine BT011701.wav,Construction & Factory BGs Sewage Plant,BT-01 Interiors,0:01:18,BT-01,17,1,
IndustrialMachine BT011701,Industrial Machinery - Sewage Reclamation Plant,IndustrialMachine BT011701.wav,Construction & Factory BGs Sewage Plant,BT-01 Interiors,0:01:18,BT-01,17,1,
IndustrialMachine BT011801,Industrial Machinery - Sewage Reclamation Plant,IndustrialMachine BT011801.wav,Construction & Factory BGs Machinery,BT-01 Interiors,0:01:34,BT-01,18,1,
IndustrialMachine BT011801,Industrial Machinery - Sewage Reclamation Plant,IndustrialMachine BT011801.wav,Construction & Factory BGs Machinery,BT-01 Interiors,0:01:34,BT-01,18,1,
JungleDenseMonkeys BT021101,Jungle - Dense Monkeys Birds Crickets,JungleDenseMonkeys BT021101.wav,Animals-Jungle BGs Backgrounds,BT-02 Nature,0:02:03,BT-02,11,1,
JungleDenseMonkeys BT021101,Jungle - Dense Monkeys Birds Crickets,JungleDenseMonkeys BT021101.wav,Animals-Jungle BGs Backgrounds,BT-02 Nature,0:02:03,BT-02,11,1,
JungleRainForest BT021201,Jungle / Rain Forest - Crickets Rain Birds Gorilla In Background,JungleRainForest BT021201.wav,Animals-Jungle BGs Rainforest,BT-02 Nature,0:02:03,BT-02,12,1,
JungleRainForest BT021201,Jungle / Rain Forest - Crickets Rain Birds Gorilla In Background,JungleRainForest BT021201.wav,Animals-Jungle BGs Rainforest,BT-02 Nature,0:02:03,BT-02,12,1,
JungleRainForest BT021301,Jungle / Rain Forest - Crickets Rain Birds No Gorilla,JungleRainForest BT021301.wav,Animals-Jungle BGs Rainforest,BT-02 Nature,0:02:04,BT-02,13,1,
JungleRainForest BT021301,Jungle / Rain Forest - Crickets Rain Birds No Gorilla,JungleRainForest BT021301.wav,Animals-Jungle BGs Rainforest,BT-02 Nature,0:02:04,BT-02,13,1,
KitchenDishwasher BT011901,Kitchen - Dish & Silverware Movement,KitchenDishwasher BT011901.wav,Dining-Kitchens & Eating Dishes,BT-01 Interiors,0:01:04,BT-01,19,1,
KitchenDishwasher BT011901,Kitchen - Dish & Silverware Movement,KitchenDishwasher BT011901.wav,Dining-Kitchens & Eating Dishes,BT-01 Interiors,0:01:04,BT-01,19,1,
MarshlandWaterCric BT021401,Marshland - Water Crickets Wind,MarshlandWaterCric BT021401.wav,Animals-Insects BGs Marshlands,BT-02 Nature,0:02:03,BT-02,14,1,
MarshlandWaterCric BT021401,Marshland - Water Crickets Wind,MarshlandWaterCric BT021401.wav,Animals-Insects BGs Marshlands,BT-02 Nature,0:02:03,BT-02,14,1,
Men'sBathroomEcho BT012001,Men's Bathroom - Echoey Room Tone With Hum,Men'sBathroomEcho BT012001.wav,Rooms & Tones Public Restroom,BT-01 Interiors,0:01:33,BT-01,20,1,
Men'sBathroomEcho BT012001,Men's Bathroom - Echoey Room Tone With Hum,Men'sBathroomEcho BT012001.wav,Rooms & Tones Public Restroom,BT-01 Interiors,0:01:33,BT-01,20,1,
MeteorRoomFan BT012101,Meteor Room Fan,MeteorRoomFan BT012101.wav,Rooms & Tones Meteor Room Fan,BT-01 Interiors,0:01:34,BT-01,21,1,
MeteorRoomFan BT012101,Meteor Room Fan,MeteorRoomFan BT012101.wav,Rooms & Tones Meteor Room Fan,BT-01 Interiors,0:01:34,BT-01,21,1,
MuseumEchoeyWalla BT012201,Museum - Echoey With Walla,MuseumEchoeyWalla BT012201.wav,Rooms & Tones Museum,BT-01 Interiors,0:01:23,BT-01,22,1,
MuseumEchoeyWalla BT012201,Museum - Echoey With Walla,MuseumEchoeyWalla BT012201.wav,Rooms & Tones Museum,BT-01 Interiors,0:01:23,BT-01,22,1,
MuseumMurmur BT012301,Museum / Art Gallery - Group Murmur Reverberant,MuseumMurmur BT012301.wav,Crowd-Stores & Halls Museums,BT-01 Interiors,0:01:43,BT-01,23,1,
MuseumMurmur BT012301,Museum / Art Gallery - Group Murmur Reverberant,MuseumMurmur BT012301.wav,Crowd-Stores & Halls Museums,BT-01 Interiors,0:01:43,BT-01,23,1,
NightJungleDenseCi BT021501,Night Jungle - Dense Cicadas Crickets Frogs,NightJungleDenseCi BT021501.wav,Animals-Jungle BGs Backgrounds,BT-02 Nature,0:02:04,BT-02,15,1,
NightJungleDenseCi BT021501,Night Jungle - Dense Cicadas Crickets Frogs,NightJungleDenseCi BT021501.wav,Animals-Jungle BGs Backgrounds,BT-02 Nature,0:02:04,BT-02,15,1,
NightMountainCrick BT021601,Night Mountain - Crickets Dogs Coyote,NightMountainCrick BT021601.wav,Animals-Bird BGs Mountains,BT-02 Nature,0:02:04,BT-02,16,1,
NightMountainCrick BT021601,Night Mountain - Crickets Dogs Coyote,NightMountainCrick BT021601.wav,Animals-Bird BGs Mountains,BT-02 Nature,0:02:04,BT-02,16,1,
NightRuralCrickets BT021701,Night Rural - Crickets And Frogs,NightRuralCrickets BT021701.wav,Animals-Bird BGs Rural,BT-02 Nature,0:02:03,BT-02,17,1,
NightRuralCrickets BT021701,Night Rural - Crickets And Frogs,NightRuralCrickets BT021701.wav,Animals-Bird BGs Rural,BT-02 Nature,0:02:03,BT-02,17,1,
NightSuburbanDista BT040301,Night - Suburban / Distant Barks Distant Highway,NightSuburbanDista BT040301.wav,Traffic EXT Various,BT-04 Urban/Suburban,0:03:04,BT-04,3,1,
NightSuburbanDista BT040301,Night - Suburban / Distant Barks Distant Highway,NightSuburbanDista BT040301.wav,Traffic EXT Various,BT-04 Urban/Suburban,0:03:04,BT-04,3,1,
NightSuburbanMostl BT040401,Night - Suburban / Mostly Crickets Distant Highway,NightSuburbanMostl BT040401.wav,Traffic EXT Various,BT-04 Urban/Suburban,0:03:33,BT-04,4,1,
NightSuburbanMostl BT040401,Night - Suburban / Mostly Crickets Distant Highway,NightSuburbanMostl BT040401.wav,Traffic EXT Various,BT-04 Urban/Suburban,0:03:33,BT-04,4,1,
NightSuburbanVeryQ BT040501,Night- Suburban / Very Quiet Distant Barks Etc.,NightSuburbanVeryQ BT040501.wav,Traffic Big City,BT-04 Urban/Suburban,0:03:33,BT-04,5,1,
NightSuburbanVeryQ BT040501,Night- Suburban / Very Quiet Distant Barks Etc.,NightSuburbanVeryQ BT040501.wav,Traffic Big City,BT-04 Urban/Suburban,0:03:33,BT-04,5,1,
NightUrbanTrucksCa BT040601,Night - Urban / Trucks Cars Crickets Etc.,NightUrbanTrucksCa BT040601.wav,Traffic EXT Various,BT-04 Urban/Suburban,0:03:33,BT-04,6,1,
NightUrbanTrucksCa BT040601,Night - Urban / Trucks Cars Crickets Etc.,NightUrbanTrucksCa BT040601.wav,Traffic EXT Various,BT-04 Urban/Suburban,0:03:33,BT-04,6,1,
NightUrbanTrucksCa BT040701,Night - Urban / Trucks Cars Crickets Distant Sirens,NightUrbanTrucksCa BT040701.wav,Traffic EXT Various,BT-04 Urban/Suburban,0:03:34,BT-04,7,1,
NightUrbanTrucksCa BT040701,Night - Urban / Trucks Cars Crickets Distant Sirens,NightUrbanTrucksCa BT040701.wav,Traffic EXT Various,BT-04 Urban/Suburban,0:03:34,BT-04,7,1,
PaddleBoatFastOars BT040801,Paddle Boat - Fast Oars Or Paddles,PaddleBoatFastOars BT040801.wav,Boats & Ships Paddle Boat,BT-04 Urban/Suburban,0:02:03,BT-04,8,1,
PaddleBoatFastOars BT040801,Paddle Boat - Fast Oars Or Paddles,PaddleBoatFastOars BT040801.wav,Boats & Ships Paddle Boat,BT-04 Urban/Suburban,0:02:03,BT-04,8,1,
PaddleBoatSlow BT040901,Paddle Boat - Slow,PaddleBoatSlow BT040901.wav,Boats & Ships Paddle Boat,BT-04 Urban/Suburban,0:02:03,BT-04,9,1,
PaddleBoatSlow BT040901,Paddle Boat - Slow,PaddleBoatSlow BT040901.wav,Boats & Ships Paddle Boat,BT-04 Urban/Suburban,0:02:03,BT-04,9,1,
ParkingStructureUn BT041301,Parking Structure - Underground With Cars Echoey,ParkingStructureUn BT041301.wav,Traffic EXT Various,BT-04 Urban/Suburban,0:03:04,BT-04,13,1,
ParkingStructureUn BT041301,Parking Structure - Underground With Cars Echoey,ParkingStructureUn BT041301.wav,Traffic EXT Various,BT-04 Urban/Suburban,0:03:04,BT-04,13,1,
ParkSuburbanBirdsD BT041001,Park - Suburban / Birds Distant Traffic & Walla,ParkSuburbanBirdsD BT041001.wav,Traffic EXT Various,BT-04 Urban/Suburban,0:03:33,BT-04,10,1,
ParkSuburbanBirdsD BT041001,Park - Suburban / Birds Distant Traffic & Walla,ParkSuburbanBirdsD BT041001.wav,Traffic EXT Various,BT-04 Urban/Suburban,0:03:33,BT-04,10,1,
ParkurbanDistantKi BT041101,Park -urban / Distant Kids Birds Traffic,ParkurbanDistantKi BT041101.wav,Traffic Big City,BT-04 Urban/Suburban,0:03:33,BT-04,11,1,
ParkurbanDistantKi BT041101,Park -urban / Distant Kids Birds Traffic,ParkurbanDistantKi BT041101.wav,Traffic Big City,BT-04 Urban/Suburban,0:03:33,BT-04,11,1,
ParkUrbanMediumDis BT041201,Park - Urban / Medium Distance Birds & Traffic,ParkUrbanMediumDis BT041201.wav,Traffic Big City,BT-04 Urban/Suburban,0:03:33,BT-04,12,1,
ParkUrbanMediumDis BT041201,Park - Urban / Medium Distance Birds & Traffic,ParkUrbanMediumDis BT041201.wav,Traffic Big City,BT-04 Urban/Suburban,0:03:33,BT-04,12,1,
PlaygroundSchoolya BT041401,Playground - Schoolyard Children Playing,PlaygroundSchoolya BT041401.wav,Crowd-Schools & Teens Schoolyards,BT-04 Urban/Suburban,0:03:33,BT-04,14,1,
PlaygroundSchoolya BT041401,Playground - Schoolyard Children Playing,PlaygroundSchoolya BT041401.wav,Crowd-Schools & Teens Schoolyards,BT-04 Urban/Suburban,0:03:33,BT-04,14,1,
PlaygroundSchoolya BT041501,Playground - Schoolyard In Distance Children Playing,PlaygroundSchoolya BT041501.wav,Crowd-Schools & Teens Schoolyards,BT-04 Urban/Suburban,0:02:16,BT-04,15,1,
PlaygroundSchoolya BT041501,Playground - Schoolyard In Distance Children Playing,PlaygroundSchoolya BT041501.wav,Crowd-Schools & Teens Schoolyards,BT-04 Urban/Suburban,0:02:16,BT-04,15,1,
PoliceBookingOffic BT012401,Police Booking Office,PoliceBookingOffic BT012401.wav,Office Police Station BGs,BT-01 Interiors,0:01:33,BT-01,24,1,
PoliceBookingOffic BT012401,Police Booking Office,PoliceBookingOffic BT012401.wav,Office Police Station BGs,BT-01 Interiors,0:01:33,BT-01,24,1,
PoliceStationPhone BT012601,Police Station - Phone Typewriters Busy Walla,PoliceStationPhone BT012601.wav,Office Police Station BGs,BT-01 Interiors,0:01:24,BT-01,26,1,
PoliceStationPhone BT012601,Police Station - Phone Typewriters Busy Walla,PoliceStationPhone BT012601.wav,Office Police Station BGs,BT-01 Interiors,0:01:24,BT-01,26,1,
PoliceStationWalla BT012501,Police Station - Drawers Slamming Phones Walla,PoliceStationWalla BT012501.wav,Office Police Station BGs,BT-01 Interiors,0:01:34,BT-01,25,1,
PoliceStationWalla BT012501,Police Station - Drawers Slamming Phones Walla,PoliceStationWalla BT012501.wav,Office Police Station BGs,BT-01 Interiors,0:01:34,BT-01,25,1,
PostOfficeBackgrou BT012701,Post Office - Background Ambience,PostOfficeBackgrou BT012701.wav,Office Post Office,BT-01 Interiors,0:01:33,BT-01,27,1,
PostOfficeBackgrou BT012701,Post Office - Background Ambience,PostOfficeBackgrou BT012701.wav,Office Post Office,BT-01 Interiors,0:01:33,BT-01,27,1,
PrisonMessHallMany BT012801,Prison Mess Hall - Many Voices,PrisonMessHallMany BT012801.wav,Prison Mess Hall,BT-01 Interiors,0:01:07,BT-01,28,1,
PrisonMessHallMany BT012801,Prison Mess Hall - Many Voices,PrisonMessHallMany BT012801.wav,Prison Mess Hall,BT-01 Interiors,0:01:07,BT-01,28,1,
PubBusyCashRegiste BT012901,Pub - Busy Cash Register Glass Clinks,PubBusyCashRegiste BT012901.wav,Dining-Bar & Restaurant BGs Pub,BT-01 Interiors,0:01:33,BT-01,29,1,
PubBusyCashRegiste BT012901,Pub - Busy Cash Register Glass Clinks,PubBusyCashRegiste BT012901.wav,Dining-Bar & Restaurant BGs Pub,BT-01 Interiors,0:01:33,BT-01,29,1,
PubLightWallaBar BT013001,Pub - Light Walla People Ordering Drinks Bartender,PubLightWallaBar BT013001.wav,Dining-Bar & Restaurant BGs Pub,BT-01 Interiors,0:01:33,BT-01,30,1,
PubLightWallaBar BT013001,Pub - Light Walla People Ordering Drinks Bartender,PubLightWallaBar BT013001.wav,Dining-Bar & Restaurant BGs Pub,BT-01 Interiors,0:01:33,BT-01,30,1,
RainForestAmazon BT021901,Rain Forest / Amazon - Damp Big & Dense With Frogs Birds,RainForestAmazon BT021901.wav,Animals-Jungle BGs Rainforest,BT-02 Nature,0:02:04,BT-02,19,1,
RainForestAmazon BT021901,Rain Forest / Amazon - Damp Big & Dense With Frogs Birds,RainForestAmazon BT021901.wav,Animals-Jungle BGs Rainforest,BT-02 Nature,0:02:04,BT-02,19,1,
RainForestFrogCrix BT021801,Rain Forest - Dense With Frogs Crickets Birds,RainForestFrogCrix BT021801.wav,Animals-Jungle BGs Rainforest,BT-02 Nature,0:02:03,BT-02,18,1,
RainForestFrogCrix BT021801,Rain Forest - Dense With Frogs Crickets Birds,RainForestFrogCrix BT021801.wav,Animals-Jungle BGs Rainforest,BT-02 Nature,0:02:03,BT-02,18,1,
RainHeavyOnCarRoof BT051301,Rain - Heavy On Car Roof / Steady,RainHeavyOnCarRoof BT051301.wav,Weather-Rain Heavy,BT-05 Water,0:02:04,BT-05,13,1,
RainHeavyOnCarRoof BT051301,Rain - Heavy On Car Roof / Steady,RainHeavyOnCarRoof BT051301.wav,Weather-Rain Heavy,BT-05 Water,0:02:04,BT-05,13,1,
RainHeavyOnPlantsB BT051401,Rain - Heavy On Plants / Big Drops,RainHeavyOnPlantsB BT051401.wav,Weather-Rain Heavy,BT-05 Water,0:02:03,BT-05,14,1,
RainHeavyOnPlantsB BT051401,Rain - Heavy On Plants / Big Drops,RainHeavyOnPlantsB BT051401.wav,Weather-Rain Heavy,BT-05 Water,0:02:03,BT-05,14,1,
RainHeavyOnPlantsG BT051501,Rain - Heavy On Plants / Good Definition,RainHeavyOnPlantsG BT051501.wav,Weather-Rain Heavy,BT-05 Water,0:01:34,BT-05,15,1,
RainHeavyOnPlantsG BT051501,Rain - Heavy On Plants / Good Definition,RainHeavyOnPlantsG BT051501.wav,Weather-Rain Heavy,BT-05 Water,0:01:34,BT-05,15,1,
RainHeavyRainLight BT051601,Rain - Heavy Rain With Light Rain,RainHeavyRainLight BT051601.wav,Weather-Rain Heavy,BT-05 Water,0:02:03,BT-05,16,1,
RainHeavyRainLight BT051601,Rain - Heavy Rain With Light Rain,RainHeavyRainLight BT051601.wav,Weather-Rain Heavy,BT-05 Water,0:02:03,BT-05,16,1,
RainHeavyRainPuddl BT051701,Rain - Heavy Rain With Puddles,RainHeavyRainPuddl BT051701.wav,Weather-Rain Heavy,BT-05 Water,0:02:03,BT-05,17,1,
RainHeavyRainPuddl BT051701,Rain - Heavy Rain With Puddles,RainHeavyRainPuddl BT051701.wav,Weather-Rain Heavy,BT-05 Water,0:02:03,BT-05,17,1,
RainMediumPuddlesO BT051801,Rain - Medium With Puddles On Cement,RainMediumPuddlesO BT051801.wav,Weather-Rain Medium,BT-05 Water,0:02:03,BT-05,18,1,
RainMediumPuddlesO BT051801,Rain - Medium With Puddles On Cement,RainMediumPuddlesO BT051801.wav,Weather-Rain Medium,BT-05 Water,0:02:03,BT-05,18,1,
RestaurantBgNoVx BT013201,Restaurant - Dinnerware Walla No Voices Silverware dish clinks isolated,RestaurantBgNoVx BT013201.wav,Dining-Bar & Restaurant BGs Restaurants & Cafes,BT-01 Interiors,0:01:03,BT-01,32,1,
RestaurantBgNoVx BT013201,Restaurant - Dinnerware Walla No Voices Silverware dish clinks isolated,RestaurantBgNoVx BT013201.wav,Dining-Bar & Restaurant BGs Restaurants & Cafes,BT-01 Interiors,0:01:03,BT-01,32,1,
RestaurantBusyDish BT013101,Restaurant - Busy With Dishes & Silverware,RestaurantBusyDish BT013101.wav,Dining-Bar & Restaurant BGs Restaurants & Cafes,BT-01 Interiors,0:01:13,BT-01,31,1,
RestaurantBusyDish BT013101,Restaurant - Busy With Dishes & Silverware,RestaurantBusyDish BT013101.wav,Dining-Bar & Restaurant BGs Restaurants & Cafes,BT-01 Interiors,0:01:13,BT-01,31,1,
RestaurantItalian BT013301,Restaurant - Italian Restaurant Kitchen Walla,RestaurantItalian BT013301.wav,Dining-Bar & Restaurant BGs Restaurants & Cafes,BT-01 Interiors,0:01:03,BT-01,33,1,
RestaurantItalian BT013301,Restaurant - Italian Restaurant Kitchen Walla,RestaurantItalian BT013301.wav,Dining-Bar & Restaurant BGs Restaurants & Cafes,BT-01 Interiors,0:01:03,BT-01,33,1,
RestaurantItalian BT013401,Restaurant - Italian Restaurant Walla,RestaurantItalian BT013401.wav,Dining-Bar & Restaurant BGs Restaurants & Cafes,BT-01 Interiors,0:01:03,BT-01,34,1,
RestaurantItalian BT013401,Restaurant - Italian Restaurant Walla,RestaurantItalian BT013401.wav,Dining-Bar & Restaurant BGs Restaurants & Cafes,BT-01 Interiors,0:01:03,BT-01,34,1,
RestaurantMedium BT013501,Restaurant - Medium Busy With Dishes & Silverware,RestaurantMedium BT013501.wav,Dining-Bar & Restaurant BGs Restaurants & Cafes,BT-01 Interiors,0:01:14,BT-01,35,1,
RestaurantMedium BT013501,Restaurant - Medium Busy With Dishes & Silverware,RestaurantMedium BT013501.wav,Dining-Bar & Restaurant BGs Restaurants & Cafes,BT-01 Interiors,0:01:14,BT-01,35,1,
RestaurantSmallBsy BT013601,Restaurant - Small And Busy,RestaurantSmallBsy BT013601.wav,Dining-Bar & Restaurant BGs Restaurants & Cafes,BT-01 Interiors,0:01:33,BT-01,36,1,
RestaurantSmallBsy BT013601,Restaurant - Small And Busy,RestaurantSmallBsy BT013601.wav,Dining-Bar & Restaurant BGs Restaurants & Cafes,BT-01 Interiors,0:01:33,BT-01,36,1,
RiverFastMoving BT051901,River - Fast Moving,RiverFastMoving BT051901.wav,Water-Nature Rivers,BT-05 Water,0:02:03,BT-05,19,1,
RiverFastMoving BT051901,River - Fast Moving,RiverFastMoving BT051901.wav,Water-Nature Rivers,BT-05 Water,0:02:03,BT-05,19,1,
RiverMediumToFastM BT052001,River - Medium To Fast Medium To Close-up,RiverMediumToFastM BT052001.wav,Water-Nature Rivers,BT-05 Water,0:02:03,BT-05,20,1,
RiverMediumToFastM BT052001,River - Medium To Fast Medium To Close-up,RiverMediumToFastM BT052001.wav,Water-Nature Rivers,BT-05 Water,0:02:03,BT-05,20,1,
RiverRushingRapids BT052101,River - Rushing Rapids Close-up,RiverRushingRapids BT052101.wav,Water-Nature Rivers,BT-05 Water,0:02:03,BT-05,21,1,
RiverRushingRapids BT052101,River - Rushing Rapids Close-up,RiverRushingRapids BT052101.wav,Water-Nature Rivers,BT-05 Water,0:02:03,BT-05,21,1,
RiverRushingRapids BT052201,River - Rushing Rapids Close-up Gurgles & Splashes,RiverRushingRapids BT052201.wav,Water-Nature Rivers,BT-05 Water,0:02:03,BT-05,22,1,
RiverRushingRapids BT052201,River - Rushing Rapids Close-up Gurgles & Splashes,RiverRushingRapids BT052201.wav,Water-Nature Rivers,BT-05 Water,0:02:03,BT-05,22,1,
RiverRushingRapids BT052301,River - Rushing Rapids Distant Light Breeze Birds,RiverRushingRapids BT052301.wav,Water-Nature Rivers,BT-05 Water,0:02:03,BT-05,23,1,
RiverRushingRapids BT052301,River - Rushing Rapids Distant Light Breeze Birds,RiverRushingRapids BT052301.wav,Water-Nature Rivers,BT-05 Water,0:02:03,BT-05,23,1,
RoomToneGood BT013801,Room Tone - Good Tone,RoomToneGood BT013801.wav,Rooms & Tones Hum,BT-01 Interiors,0:01:33,BT-01,38,1,
RoomToneGood BT013801,Room Tone - Good Tone,RoomToneGood BT013801.wav,Rooms & Tones Hum,BT-01 Interiors,0:01:33,BT-01,38,1,
RoomToneGoodHum BT013701,Room Tone - Good Hum,RoomToneGoodHum BT013701.wav,Rooms & Tones Hum,BT-01 Interiors,0:01:33,BT-01,37,1,
RoomToneGoodHum BT013701,Room Tone - Good Hum,RoomToneGoodHum BT013701.wav,Rooms & Tones Hum,BT-01 Interiors,0:01:33,BT-01,37,1,
RoomToneHighHum BT013901,Room Tone - Slight High Pitch Or Hum,RoomToneHighHum BT013901.wav,Rooms & Tones Hum,BT-01 Interiors,0:01:34,BT-01,39,1,
RoomToneHighHum BT013901,Room Tone - Slight High Pitch Or Hum,RoomToneHighHum BT013901.wav,Rooms & Tones Hum,BT-01 Interiors,0:01:34,BT-01,39,1,
RoomToneVeryQuiet BT014001,Room Tone - Very Quiet And Clean,RoomToneVeryQuiet BT014001.wav,Rooms & Tones Quiet,BT-01 Interiors,0:01:23,BT-01,40,1,
RoomToneVeryQuiet BT014001,Room Tone - Very Quiet And Clean,RoomToneVeryQuiet BT014001.wav,Rooms & Tones Quiet,BT-01 Interiors,0:01:23,BT-01,40,1,
SchoolBetweenClass BT014101,School - Between Classes,SchoolBetweenClass BT014101.wav,Crowd-Schools & Teens Between Classes,BT-01 Interiors,0:01:04,BT-01,41,1,
SchoolBetweenClass BT014101,School - Between Classes,SchoolBetweenClass BT014101.wav,Crowd-Schools & Teens Between Classes,BT-01 Interiors,0:01:04,BT-01,41,1,
SchoolClassroomBsy BT014201,School - Classroom / Books & People Moving,SchoolClassroomBsy BT014201.wav,Crowd-Schools & Teens Classroom,BT-01 Interiors,0:01:03,BT-01,42,1,
SchoolClassroomBsy BT014201,School - Classroom / Books & People Moving,SchoolClassroomBsy BT014201.wav,Crowd-Schools & Teens Classroom,BT-01 Interiors,0:01:03,BT-01,42,1,
SchoolKindergarten BT014301,School - Kindergarten Classroom,SchoolKindergarten BT014301.wav,Crowd-Schools & Teens Kindergarten,BT-01 Interiors,0:01:33,BT-01,43,1,
SchoolKindergarten BT014301,School - Kindergarten Classroom,SchoolKindergarten BT014301.wav,Crowd-Schools & Teens Kindergarten,BT-01 Interiors,0:01:33,BT-01,43,1,
SeagullsNoSurf BT022101,Seagulls - No Surf,SeagullsNoSurf BT022101.wav,Animals-Bird BGs Seagulls,BT-02 Nature,0:00:22,BT-02,21,1,
SeagullsNoSurf BT022101,Seagulls - No Surf,SeagullsNoSurf BT022101.wav,Animals-Bird BGs Seagulls,BT-02 Nature,0:00:22,BT-02,21,1,
SeagullsSurf BT022001,Seagulls - With Surf,SeagullsSurf BT022001.wav,Animals-Bird BGs Seagulls,BT-02 Nature,0:02:03,BT-02,20,1,
SeagullsSurf BT022001,Seagulls - With Surf,SeagullsSurf BT022001.wav,Animals-Bird BGs Seagulls,BT-02 Nature,0:02:03,BT-02,20,1,
ShoppingMallBusyCl BT014501,Shopping Mall - Busy With Some Close Up Activity,ShoppingMallBusyCl BT014501.wav,Crowd-INT Various Shopping Mall,BT-01 Interiors,0:01:33,BT-01,45,1,
ShoppingMallBusyCl BT014501,Shopping Mall - Busy With Some Close Up Activity,ShoppingMallBusyCl BT014501.wav,Crowd-INT Various Shopping Mall,BT-01 Interiors,0:01:33,BT-01,45,1,
ShoppingMallBusyWa BT014401,Shopping Mall - Busy Walla Kids Music P.a. Announcement,ShoppingMallBusyWa BT014401.wav,Crowd-INT Various Shopping Mall,BT-01 Interiors,0:01:33,BT-01,44,1,
ShoppingMallBusyWa BT014401,Shopping Mall - Busy Walla Kids Music P.a. Announcement,ShoppingMallBusyWa BT014401.wav,Crowd-INT Various Shopping Mall,BT-01 Interiors,0:01:33,BT-01,44,1,
ShowerCloseup BT052401,Shower - Close-up,ShowerCloseup BT052401.wav,Water-Splashes & Sprays Shower,BT-05 Water,0:01:24,BT-05,24,1,
ShowerCloseup BT052401,Shower - Close-up,ShowerCloseup BT052401.wav,Water-Splashes & Sprays Shower,BT-05 Water,0:01:24,BT-05,24,1,
ShowerFineSprayOnP BT052501,Shower - Fine Spray On Plastic Curtain,ShowerFineSprayOnP BT052501.wav,Water-Splashes & Sprays Shower,BT-05 Water,0:01:23,BT-05,25,1,
ShowerFineSprayOnP BT052501,Shower - Fine Spray On Plastic Curtain,ShowerFineSprayOnP BT052501.wav,Water-Splashes & Sprays Shower,BT-05 Water,0:01:23,BT-05,25,1,
ShowerHeavyLightSp BT052601,Shower - Heavy & Light Spray / Some Gurgles,ShowerHeavyLightSp BT052601.wav,Water-Splashes & Sprays Shower,BT-05 Water,0:01:23,BT-05,26,1,
ShowerHeavyLightSp BT052601,Shower - Heavy & Light Spray / Some Gurgles,ShowerHeavyLightSp BT052601.wav,Water-Splashes & Sprays Shower,BT-05 Water,0:01:23,BT-05,26,1,
SinkSemifullSinkWa BT052701,Sink - Semi-full Sink / Washroom,SinkSemifullSinkWa BT052701.wav,Water-Splashes & Sprays Sink,BT-05 Water,0:01:04,BT-05,27,1,
SinkSemifullSinkWa BT052701,Sink - Semi-full Sink / Washroom,SinkSemifullSinkWa BT052701.wav,Water-Splashes & Sprays Sink,BT-05 Water,0:01:04,BT-05,27,1,
SinkWaterRunningFi BT052801,Sink - Water Running Filling Sink Kitchen,SinkWaterRunningFi BT052801.wav,Water-Splashes & Sprays Sink,BT-05 Water,0:01:04,BT-05,28,1,
SinkWaterRunningFi BT052801,Sink - Water Running Filling Sink Kitchen,SinkWaterRunningFi BT052801.wav,Water-Splashes & Sprays Sink,BT-05 Water,0:01:04,BT-05,28,1,
SinkWaterRunningFi BT052901,Sink - Water Running Filling Sink Kitchen,SinkWaterRunningFi BT052901.wav,Water-Splashes & Sprays Sink,BT-05 Water,0:01:03,BT-05,29,1,
SinkWaterRunningFi BT052901,Sink - Water Running Filling Sink Kitchen,SinkWaterRunningFi BT052901.wav,Water-Splashes & Sprays Sink,BT-05 Water,0:01:03,BT-05,29,1,
SprinklerCloseup BT053001,Sprinkler - Close-up,SprinklerCloseup BT053001.wav,Water-Splashes & Sprays Sprinklers,BT-05 Water,0:02:03,BT-05,30,1,
SprinklerCloseup BT053001,Sprinkler - Close-up,SprinklerCloseup BT053001.wav,Water-Splashes & Sprays Sprinklers,BT-05 Water,0:02:03,BT-05,30,1,
StadiumBaseballCro BT041601,Stadium - Baseball Crowd With Announcer,StadiumBaseballCro BT041601.wav,Crowd-Arena EXT Stadiums,BT-04 Urban/Suburban,0:01:41,BT-04,16,1,
StadiumBaseballCro BT041601,Stadium - Baseball Crowd With Announcer,StadiumBaseballCro BT041601.wav,Crowd-Arena EXT Stadiums,BT-04 Urban/Suburban,0:01:41,BT-04,16,1,
StadiumConcertIndo BT041701,Stadium - Concert Indoors,StadiumConcertIndo BT041701.wav,Crowd-Arena INT Stadiums,BT-04 Urban/Suburban,0:00:55,BT-04,17,1,
StadiumConcertIndo BT041701,Stadium - Concert Indoors,StadiumConcertIndo BT041701.wav,Crowd-Arena INT Stadiums,BT-04 Urban/Suburban,0:00:55,BT-04,17,1,
StadiumFootballCro BT041801,Stadium - Football Crowd With Announcer,StadiumFootballCro BT041801.wav,Crowd-Arena EXT Stadiums,BT-04 Urban/Suburban,0:01:02,BT-04,18,1,
StadiumFootballCro BT041801,Stadium - Football Crowd With Announcer,StadiumFootballCro BT041801.wav,Crowd-Arena EXT Stadiums,BT-04 Urban/Suburban,0:01:02,BT-04,18,1,
StadiumSportsEvent BT041901,Stadium - Sports Event Crowd Milling Distant P.a.,StadiumSportsEvent BT041901.wav,Crowd-Arena EXT Stadiums,BT-04 Urban/Suburban,0:03:33,BT-04,19,1,
StadiumSportsEvent BT041901,Stadium - Sports Event Crowd Milling Distant P.a.,StadiumSportsEvent BT041901.wav,Crowd-Arena EXT Stadiums,BT-04 Urban/Suburban,0:03:33,BT-04,19,1,
StreetWallaBusyNew BT042001,Street Walla - Busy New York City Street,StreetWallaBusyNew BT042001.wav,Crowd-EXT Various City Walla,BT-04 Urban/Suburban,0:02:54,BT-04,20,1,
StreetWallaBusyNew BT042001,Street Walla - Busy New York City Street,StreetWallaBusyNew BT042001.wav,Crowd-EXT Various City Walla,BT-04 Urban/Suburban,0:02:54,BT-04,20,1,
StreetWallaLightSt BT042101,Street Walla - Light Street Activity,StreetWallaLightSt BT042101.wav,Crowd-EXT Various City Walla,BT-04 Urban/Suburban,0:02:03,BT-04,21,1,
StreetWallaLightSt BT042101,Street Walla - Light Street Activity,StreetWallaLightSt BT042101.wav,Crowd-EXT Various City Walla,BT-04 Urban/Suburban,0:02:03,BT-04,21,1,
SuperMarketCartsPA BT014601,Super Market - Carts P.a. Voices Walla Etc.,SuperMarketCartsPA BT014601.wav,Crowd-INT Various Super Market,BT-01 Interiors,0:02:04,BT-01,46,1,
SuperMarketCartsPA BT014601,Super Market - Carts P.a. Voices Walla Etc.,SuperMarketCartsPA BT014601.wav,Crowd-INT Various Super Market,BT-01 Interiors,0:02:04,BT-01,46,1,
SuperMarketCheckou BT014701,Super Market - Checkout Stand Walla Register,SuperMarketCheckou BT014701.wav,Crowd-INT Various Super Market,BT-01 Interiors,0:02:00,BT-01,47,1,
SuperMarketCheckou BT014701,Super Market - Checkout Stand Walla Register,SuperMarketCheckou BT014701.wav,Crowd-INT Various Super Market,BT-01 Interiors,0:02:00,BT-01,47,1,
SwampFrogsPond BT022201,Swamp - Frogs In Pond,SwampFrogsPond BT022201.wav,Animals-Bird BGs Swamp,BT-02 Nature,0:02:03,BT-02,22,1,
SwampFrogsPond BT022201,Swamp - Frogs In Pond,SwampFrogsPond BT022201.wav,Animals-Bird BGs Swamp,BT-02 Nature,0:02:03,BT-02,22,1,
SwampFrogsPondBird BT022301,Swamp - Frogs In Pond With Birds,SwampFrogsPondBird BT022301.wav,Animals-Bird BGs Swamp,BT-02 Nature,0:02:04,BT-02,23,1,
SwampFrogsPondBird BT022301,Swamp - Frogs In Pond With Birds,SwampFrogsPondBird BT022301.wav,Animals-Bird BGs Swamp,BT-02 Nature,0:02:04,BT-02,23,1,
SwampFrogsPondBird BT022401,Swamp - Frogs In Pond Many Birds,SwampFrogsPondBird BT022401.wav,Animals-Wild Frogs,BT-02 Nature,0:02:34,BT-02,24,1,
SwampFrogsPondBird BT022401,Swamp - Frogs In Pond Many Birds,SwampFrogsPondBird BT022401.wav,Animals-Wild Frogs,BT-02 Nature,0:02:34,BT-02,24,1,
ThunderDistantRumb BT022501,Thunder - Distant Rumble With Close-up Thunder,ThunderDistantRumb BT022501.wav,Weather-Thunder Distant,BT-02 Nature,0:02:04,BT-02,25,1,
ThunderDistantRumb BT022501,Thunder - Distant Rumble With Close-up Thunder,ThunderDistantRumb BT022501.wav,Weather-Thunder Distant,BT-02 Nature,0:02:04,BT-02,25,1,
ThunderstormMedium BT022601,Thunderstorm - Medium Rain With Thunder And Birds,ThunderstormMedium BT022601.wav,Weather-Thunder Storms,BT-02 Nature,0:02:03,BT-02,26,1,
ThunderstormMedium BT022601,Thunderstorm - Medium Rain With Thunder And Birds,ThunderstormMedium BT022601.wav,Weather-Thunder Storms,BT-02 Nature,0:02:03,BT-02,26,1,
ToiletCloseup BT053101,Toilet - Close-up,ToiletCloseup BT053101.wav,Water-Splashes & Sprays Toilet,BT-05 Water,0:00:38,BT-05,31,1,
ToiletCloseup BT053101,Toilet - Close-up,ToiletCloseup BT053101.wav,Water-Splashes & Sprays Toilet,BT-05 Water,0:00:38,BT-05,31,1,
ToiletMediumRangeF BT053401,Toilet - Medium Range Flush,ToiletMediumRangeF BT053401.wav,Household Water|Toilets,BT-05 Water,0:00:13,BT-05,34,1,
ToiletMediumRangeF BT053401,Toilet - Medium Range Flush,ToiletMediumRangeF BT053401.wav,Household Water|Toilets,BT-05 Water,0:00:13,BT-05,34,1,
ToiletPublicRestro BT053201,Toilet - Public Restroom Long Distance Reverb. Flush,ToiletPublicRestro BT053201.wav,Household Water|Toilets,BT-05 Water,0:00:35,BT-05,32,1,
ToiletPublicRestro BT053201,Toilet - Public Restroom Long Distance Reverb. Flush,ToiletPublicRestro BT053201.wav,Household Water|Toilets,BT-05 Water,0:00:35,BT-05,32,1,
ToiletPublicRestro BT053301,Toilet - Public Restroom Short Flush,ToiletPublicRestro BT053301.wav,Household Water|Toilets,BT-05 Water,0:00:26,BT-05,33,1,
ToiletPublicRestro BT053301,Toilet - Public Restroom Short Flush,ToiletPublicRestro BT053301.wav,Household Water|Toilets,BT-05 Water,0:00:26,BT-05,33,1,
TrafficBysAway BT042201,Traffic - Bys And Away,TrafficBysAway BT042201.wav,Traffic Wet Traffic,BT-04 Urban/Suburban,0:01:16,BT-04,22,1,
TrafficBysAway BT042201,Traffic - Bys And Away,TrafficBysAway BT042201.wav,Traffic Wet Traffic,BT-04 Urban/Suburban,0:01:16,BT-04,22,1,
TrafficSuburbanDay BT042301,Traffic - Suburban Day,TrafficSuburbanDay BT042301.wav,Traffic EXT Various,BT-04 Urban/Suburban,0:02:03,BT-04,23,1,
TrafficSuburbanDay BT042301,Traffic - Suburban Day,TrafficSuburbanDay BT042301.wav,Traffic EXT Various,BT-04 Urban/Suburban,0:02:03,BT-04,23,1,
TrafficSuburbanMed BT042401,Traffic - Suburban / Medium To Busy Street,TrafficSuburbanMed BT042401.wav,Traffic Big City,BT-04 Urban/Suburban,0:02:03,BT-04,24,1,
TrafficSuburbanMed BT042401,Traffic - Suburban / Medium To Busy Street,TrafficSuburbanMed BT042401.wav,Traffic Big City,BT-04 Urban/Suburban,0:02:03,BT-04,24,1,
TrafficSuburbanNig BT042501,Traffic - Suburban Night,TrafficSuburbanNig BT042501.wav,Traffic EXT Various,BT-04 Urban/Suburban,0:02:04,BT-04,25,1,
TrafficSuburbanNig BT042501,Traffic - Suburban Night,TrafficSuburbanNig BT042501.wav,Traffic EXT Various,BT-04 Urban/Suburban,0:02:04,BT-04,25,1,
TrafficUrbanBusy BT042601,Traffic - Urban / Busy,TrafficUrbanBusy BT042601.wav,Traffic Big City,BT-04 Urban/Suburban,0:02:03,BT-04,26,1,
TrafficUrbanBusy BT042601,Traffic - Urban / Busy,TrafficUrbanBusy BT042601.wav,Traffic Big City,BT-04 Urban/Suburban,0:02:03,BT-04,26,1,
TrafficUrbanBusyNe BT042701,Traffic - Urban / Busy New York Intersection,TrafficUrbanBusyNe BT042701.wav,Traffic Big City,BT-04 Urban/Suburban,0:02:03,BT-04,27,1,
TrafficUrbanBusyNe BT042701,Traffic - Urban / Busy New York Intersection,TrafficUrbanBusyNe BT042701.wav,Traffic Big City,BT-04 Urban/Suburban,0:02:03,BT-04,27,1,
TrafficUrbanReside BT042801,Traffic - Urban / Residential Light.  Some Cars run over a Sewer Lid.,TrafficUrbanReside BT042801.wav,Traffic EXT Various,BT-04 Urban/Suburban,0:02:04,BT-04,28,1,
TrafficUrbanReside BT042801,Traffic - Urban / Residential Light.  Some Cars run over a Sewer Lid.,TrafficUrbanReside BT042801.wav,Traffic EXT Various,BT-04 Urban/Suburban,0:02:04,BT-04,28,1,
TrafficUrbanTraffi BT042901,Traffic - Urban / Traffic Drone,TrafficUrbanTraffi BT042901.wav,Traffic Big City,BT-04 Urban/Suburban,0:01:23,BT-04,29,1,
TrafficUrbanTraffi BT042901,Traffic - Urban / Traffic Drone,TrafficUrbanTraffi BT042901.wav,Traffic Big City,BT-04 Urban/Suburban,0:01:23,BT-04,29,1,
TrafficUrbanWideRa BT043001,Traffic - Urban / Wide Range,TrafficUrbanWideRa BT043001.wav,Traffic Big City,BT-04 Urban/Suburban,0:01:30,BT-04,30,1,
TrafficUrbanWideRa BT043001,Traffic - Urban / Wide Range,TrafficUrbanWideRa BT043001.wav,Traffic Big City,BT-04 Urban/Suburban,0:01:30,BT-04,30,1,
TrainInteriorStead BT033301,Train Interior - Steady - First Class Car,TrainInteriorStead BT033301.wav,Trains Train INT,BT-03 Transportation,0:03:33,BT-03,33,1,
TrainInteriorStead BT033301,Train Interior - Steady - First Class Car,TrainInteriorStead BT033301.wav,Trains Train INT,BT-03 Transportation,0:03:33,BT-03,33,1,
TrainInteriorStead BT033401,Train Interior - Steady - No Walla / Fast Rail Clicks,TrainInteriorStead BT033401.wav,Trains Train INT,BT-03 Transportation,0:03:03,BT-03,34,1,
TrainInteriorStead BT033401,Train Interior - Steady - No Walla / Fast Rail Clicks,TrainInteriorStead BT033401.wav,Trains Train INT,BT-03 Transportation,0:03:03,BT-03,34,1,
TrainIntExtSteady BT033201,Train Interior / Exterior - Fast And Steady,TrainIntExtSteady BT033201.wav,Trains Train INT,BT-03 Transportation,0:03:33,BT-03,32,1,
TrainIntExtSteady BT033201,Train Interior / Exterior - Fast And Steady,TrainIntExtSteady BT033201.wav,Trains Train INT,BT-03 Transportation,0:03:33,BT-03,32,1,
TrainStationBusy BT033501,Train Station - Busy Station,TrainStationBusy BT033501.wav,Airports & Stations Station,BT-03 Transportation,0:03:03,BT-03,35,1,
TrainStationBusy BT033501,Train Station - Busy Station,TrainStationBusy BT033501.wav,Airports & Stations Station,BT-03 Transportation,0:03:03,BT-03,35,1,
TrainStationEurope BT033601,Train Station - European Station,TrainStationEurope BT033601.wav,Trains Station,BT-03 Transportation,0:03:09,BT-03,36,1,
TrainStationEurope BT033601,Train Station - European Station,TrainStationEurope BT033601.wav,Trains Station,BT-03 Transportation,0:03:09,BT-03,36,1,
TrainStationQuiet BT033701,Train Station - Quiet Station,TrainStationQuiet BT033701.wav,Trains Station,BT-03 Transportation,0:03:34,BT-03,37,1,
TrainStationQuiet BT033701,Train Station - Quiet Station,TrainStationQuiet BT033701.wav,Trains Station,BT-03 Transportation,0:03:34,BT-03,37,1,
TruckExteriorByAwa BT033801,Truck Exterior - By And Away - Dry Surface,TruckExteriorByAwa BT033801.wav,Vehicle-Trucks Various Trucks|Trucks Various,BT-03 Transportation,0:00:23,BT-03,38,1,
TruckExteriorByAwa BT033801,Truck Exterior - By And Away - Dry Surface,TruckExteriorByAwa BT033801.wav,Vehicle-Trucks Various Trucks|Trucks Various,BT-03 Transportation,0:00:23,BT-03,38,1,
TruckExteriorByAwa BT033901,Truck Exterior - By And Away - Wet Surface,TruckExteriorByAwa BT033901.wav,Vehicle-Trucks Various Trucks|Trucks Various,BT-03 Transportation,0:00:31,BT-03,39,1,
TruckExteriorByAwa BT033901,Truck Exterior - By And Away - Wet Surface,TruckExteriorByAwa BT033901.wav,Vehicle-Trucks Various Trucks|Trucks Various,BT-03 Transportation,0:00:31,BT-03,39,1,
TruckExteriorByAwa BT034001,Truck Exterior - By And Away - Wet Surface / Puddles,TruckExteriorByAwa BT034001.wav,Vehicle-Trucks Various Trucks|Trucks Various,BT-03 Transportation,0:00:23,BT-03,40,1,
TruckExteriorByAwa BT034001,Truck Exterior - By And Away - Wet Surface / Puddles,TruckExteriorByAwa BT034001.wav,Vehicle-Trucks Various Trucks|Trucks Various,BT-03 Transportation,0:00:23,BT-03,40,1,
TruckExteriorByAwa BT034101,Truck Exterior - By And Away - Wet Surface / Puddles,TruckExteriorByAwa BT034101.wav,Vehicle-Trucks Various Trucks|Trucks Various,BT-03 Transportation,0:00:24,BT-03,41,1,
TruckExteriorByAwa BT034101,Truck Exterior - By And Away - Wet Surface / Puddles,TruckExteriorByAwa BT034101.wav,Vehicle-Trucks Various Trucks|Trucks Various,BT-03 Transportation,0:00:24,BT-03,41,1,
TruckExteriorManvr BT034201,Truck Exterior - In Medium Speed / Stop & Idle / Rev & Away Dry Surface,TruckExteriorManvr BT034201.wav,Vehicle-Trucks Various Trucks|Trucks Various,BT-03 Transportation,0:00:33,BT-03,42,1,
TruckExteriorManvr BT034201,Truck Exterior - In Medium Speed / Stop & Idle / Rev & Away Dry Surface,TruckExteriorManvr BT034201.wav,Vehicle-Trucks Various Trucks|Trucks Various,BT-03 Transportation,0:00:33,BT-03,42,1,
TruckExtWetInStp BT034301,Truck Exterior - Medium Speed In Stop & Idle Wet,TruckExtWetInStp BT034301.wav,Vehicle-Trucks Various Trucks|Trucks Various,BT-03 Transportation,0:00:32,BT-03,43,1,
TruckExtWetInStp BT034301,Truck Exterior - Medium Speed In Stop & Idle Wet,TruckExtWetInStp BT034301.wav,Vehicle-Trucks Various Trucks|Trucks Various,BT-03 Transportation,0:00:32,BT-03,43,1,
TruckInteriorIdle BT034401,Truck Interior - Idle / Rough,TruckInteriorIdle BT034401.wav,Vehicle-Trucks Various Trucks|Trucks Various,BT-03 Transportation,0:00:48,BT-03,44,1,
TruckInteriorIdle BT034401,Truck Interior - Idle / Rough,TruckInteriorIdle BT034401.wav,Vehicle-Trucks Various Trucks|Trucks Various,BT-03 Transportation,0:00:48,BT-03,44,1,
TruckInteriorIdle BT034501,Truck Interior - Idle / Smooth,TruckInteriorIdle BT034501.wav,Vehicle-Trucks Various Trucks|Trucks Various,BT-03 Transportation,0:01:23,BT-03,45,1,
TruckInteriorIdle BT034501,Truck Interior - Idle / Smooth,TruckInteriorIdle BT034501.wav,Vehicle-Trucks Various Trucks|Trucks Various,BT-03 Transportation,0:01:23,BT-03,45,1,
TruckInteriorShift BT035101,Truck Interior - Shifting Gears Seats Creaking,TruckInteriorShift BT035101.wav,Vehicle-Trucks Various Trucks|Trucks Various,BT-03 Transportation,0:01:10,BT-03,51,1,
TruckInteriorShift BT035101,Truck Interior - Shifting Gears Seats Creaking,TruckInteriorShift BT035101.wav,Vehicle-Trucks Various Trucks|Trucks Various,BT-03 Transportation,0:01:10,BT-03,51,1,
TruckInteriorStead BT034601,Truck Interior - Steady Speed,TruckInteriorStead BT034601.wav,Vehicle-Trucks Various Trucks|Trucks Various,BT-03 Transportation,0:01:13,BT-03,46,1,
TruckInteriorStead BT034601,Truck Interior - Steady Speed,TruckInteriorStead BT034601.wav,Vehicle-Trucks Various Trucks|Trucks Various,BT-03 Transportation,0:01:13,BT-03,46,1,
TruckInteriorStead BT034701,Truck Interior - Steady Speed,TruckInteriorStead BT034701.wav,Vehicle-Trucks Various Trucks|Trucks Various,BT-03 Transportation,0:01:04,BT-03,47,1,
TruckInteriorStead BT034701,Truck Interior - Steady Speed,TruckInteriorStead BT034701.wav,Vehicle-Trucks Various Trucks|Trucks Various,BT-03 Transportation,0:01:04,BT-03,47,1,
TruckInteriorStead BT034801,Truck Interior - Steady Speed Gear Changes,TruckInteriorStead BT034801.wav,Vehicle-Trucks Various Trucks|Trucks Various,BT-03 Transportation,0:00:36,BT-03,48,1,
TruckInteriorStead BT034801,Truck Interior - Steady Speed Gear Changes,TruckInteriorStead BT034801.wav,Vehicle-Trucks Various Trucks|Trucks Various,BT-03 Transportation,0:00:36,BT-03,48,1,
TruckInteriorStead BT034901,Truck Interior - Steady Speed Gear Changes Whine,TruckInteriorStead BT034901.wav,Vehicle-Trucks Various Trucks|Trucks Various,BT-03 Transportation,0:00:45,BT-03,49,1,
TruckInteriorStead BT034901,Truck Interior - Steady Speed Gear Changes Whine,TruckInteriorStead BT034901.wav,Vehicle-Trucks Various Trucks|Trucks Various,BT-03 Transportation,0:00:45,BT-03,49,1,
TruckInteriorStead BT035001,Truck Interior - Steady Speed No Gear Changes,TruckInteriorStead BT035001.wav,Vehicle-Trucks Various Trucks|Trucks Various,BT-03 Transportation,0:00:48,BT-03,50,1,
TruckInteriorStead BT035001,Truck Interior - Steady Speed No Gear Changes,TruckInteriorStead BT035001.wav,Vehicle-Trucks Various Trucks|Trucks Various,BT-03 Transportation,0:00:48,BT-03,50,1,
WaterfallCloseupTo BT053501,Waterfall - Close-up To Medium Distance,WaterfallCloseupTo BT053501.wav,Water-Nature Waterfalls,BT-05 Water,0:02:03,BT-05,35,1,
WaterfallCloseupTo BT053501,Waterfall - Close-up To Medium Distance,WaterfallCloseupTo BT053501.wav,Water-Nature Waterfalls,BT-05 Water,0:02:03,BT-05,35,1,
WaterfallDistantTh BT053601,Waterfall - Distant And Thunderous,WaterfallDistantTh BT053601.wav,Water-Nature Waterfalls,BT-05 Water,0:02:03,BT-05,36,1,
WaterfallDistantTh BT053601,Waterfall - Distant And Thunderous,WaterfallDistantTh BT053601.wav,Water-Nature Waterfalls,BT-05 Water,0:02:03,BT-05,36,1,
WaterfallGoodWater BT053701,Waterfall - Good Water Movement Close-up,WaterfallGoodWater BT053701.wav,Water-Nature Waterfalls,BT-05 Water,0:02:04,BT-05,37,1,
WaterfallGoodWater BT053701,Waterfall - Good Water Movement Close-up,WaterfallGoodWater BT053701.wav,Water-Nature Waterfalls,BT-05 Water,0:02:04,BT-05,37,1,
WaterLappingBusyMo BT053801,Water Lapping - Busy Movement Boat In Background,WaterLappingBusyMo BT053801.wav,Water-Nature Laps,BT-05 Water,0:01:33,BT-05,38,1,
WaterLappingBusyMo BT053801,Water Lapping - Busy Movement Boat In Background,WaterLappingBusyMo BT053801.wav,Water-Nature Laps,BT-05 Water,0:01:33,BT-05,38,1,
WaterLappingCloseu BT053901,Water Lapping - Close-up Light Waves,WaterLappingCloseu BT053901.wav,Water-Nature Laps,BT-05 Water,0:01:33,BT-05,39,1,
WaterLappingCloseu BT053901,Water Lapping - Close-up Light Waves,WaterLappingCloseu BT053901.wav,Water-Nature Laps,BT-05 Water,0:01:33,BT-05,39,1,
WaterLappingCloseu BT054001,Water Lapping - Close-up Some Bigger Waves,WaterLappingCloseu BT054001.wav,Water-Nature Laps,BT-05 Water,0:01:34,BT-05,40,1,
WaterLappingCloseu BT054001,Water Lapping - Close-up Some Bigger Waves,WaterLappingCloseu BT054001.wav,Water-Nature Laps,BT-05 Water,0:01:34,BT-05,40,1,
WavesCloseupToMedi BT054101,Waves - Close-up To Medium Distance,WavesCloseupToMedi BT054101.wav,Water-Nature Wave Crashes,BT-05 Water,0:02:03,BT-05,41,1,
WavesCloseupToMedi BT054101,Waves - Close-up To Medium Distance,WavesCloseupToMedi BT054101.wav,Water-Nature Wave Crashes,BT-05 Water,0:02:03,BT-05,41,1,
WavesMediumCrashin BT054301,Waves - Medium Crashing On Shore,WavesMediumCrashin BT054301.wav,Water-Nature Waves & Surf BGs,BT-05 Water,0:02:03,BT-05,43,1,
WavesMediumCrashin BT054301,Waves - Medium Crashing On Shore,WavesMediumCrashin BT054301.wav,Water-Nature Waves & Surf BGs,BT-05 Water,0:02:03,BT-05,43,1,
WavesMediumToSmall BT054201,Waves - Medium To Small Crashing On Shore,WavesMediumToSmall BT054201.wav,Water-Nature Waves & Surf BGs,BT-05 Water,0:02:04,BT-05,42,1,
WavesMediumToSmall BT054201,Waves - Medium To Small Crashing On Shore,WavesMediumToSmall BT054201.wav,Water-Nature Waves & Surf BGs,BT-05 Water,0:02:04,BT-05,42,1,
WavesSingleWaveCra BT054401,Waves - Single Wave Crash Very Big,WavesSingleWaveCra BT054401.wav,Water-Nature Wave Crashes,BT-05 Water,0:00:10,BT-05,44,1,
WavesSingleWaveCra BT054401,Waves - Single Wave Crash Very Big,WavesSingleWaveCra BT054401.wav,Water-Nature Wave Crashes,BT-05 Water,0:00:10,BT-05,44,1,
WindColdGusty BT022701,Wind - Cold And Gusty,WindColdGusty BT022701.wav,Weather-Wind Cold,BT-02 Nature,0:02:03,BT-02,27,1,
WindColdGusty BT022701,Wind - Cold And Gusty,WindColdGusty BT022701.wav,Weather-Wind Cold,BT-02 Nature,0:02:03,BT-02,27,1,
WindColdWhistle BT022801,Wind - Wind - Cold And Whistley,WindColdWhistle BT022801.wav,Weather-Wind Cold,BT-02 Nature,0:02:03,BT-02,28,1,
WindColdWhistle BT022801,Wind - Wind - Cold And Whistley,WindColdWhistle BT022801.wav,Weather-Wind Cold,BT-02 Nature,0:02:03,BT-02,28,1,
WindLightBuffets BT022901,Wind - Light Buffets,WindLightBuffets BT022901.wav,Weather-Wind Buffets,BT-02 Nature,0:02:03,BT-02,29,1,
WindLightBuffets BT022901,Wind - Light Buffets,WindLightBuffets BT022901.wav,Weather-Wind Buffets,BT-02 Nature,0:02:03,BT-02,29,1,
WindLowEerie BT023001,Wind - Low And Eerie,WindLowEerie BT023001.wav,Weather-Wind Eerie & Gusts,BT-02 Nature,0:02:53,BT-02,30,1,
WindLowEerie BT023001,Wind - Low And Eerie,WindLowEerie BT023001.wav,Weather-Wind Eerie & Gusts,BT-02 Nature,0:02:53,BT-02,30,1,
WindStormyStrong BT023101,Wind - Stormy And Strong,WindStormyStrong BT023101.wav,Weather-Wind Heavy,BT-02 Nature,0:02:03,BT-02,31,1,
WindStrongGusty BT023201,Wind - Strong And Gusty,WindStrongGusty BT023201.wav,Weather-Wind Heavy,BT-02 Nature,0:02:58,BT-02,32,1,
WindWhistleyGusty BT023301,Wind - Whistley And Gusty,WindWhistleyGusty BT023301.wav,Weather-Wind Whistling,BT-02 Nature,0:02:00,BT-02,33,1,
